date,countryId,countryName,totalConfirmed,newConfirmed,totalFatalities,newFatalities,transmissionClassification,daysSinceReported,regionName,isTerritory,updateTime
2020-01-21,US,United States of America,5.0,0.0,0.0,0.0,,,AMRO,,2020-12-13 03:21:59.858
2020-01-22,US,United States of America,5.0,0.0,0.0,0.0,,,AMRO,,2020-12-13 03:21:59.858
2020-01-23,US,United States of America,5.0,0.0,0.0,0.0,,,AMRO,,2020-12-13 03:21:59.858
2020-01-24,US,United States of America,6.0,1.0,0.0,0.0,,,AMRO,,2020-12-13 03:21:59.858
2020-01-25,US,United States of America,6.0,0.0,0.0,0.0,,,AMRO,,2020-12-13 03:21:59.858
2020-01-26,US,United States of America,9.0,3.0,0.0,0.0,,,AMRO,,2020-12-13 03:21:59.858
2020-01-27,US,United States of America,9.0,0.0,0.0,0.0,,,AMRO,,2020-12-13 03:21:59.858
2020-01-28,US,United States of America,9.0,0.0,0.0,0.0,,,AMRO,,2020-12-13 03:21:59.858
2020-01-29,US,United States of America,9.0,0.0,0.0,0.0,,,AMRO,,2020-12-13 03:21:59.858
2020-01-30,US,United States of America,10.0,1.0,0.0,0.0,,,AMRO,,2020-12-13 03:21:59.858
2020-01-31,US,United States of America,11.0,1.0,0.0,0.0,,,AMRO,,2020-12-13 03:21:59.858
2020-02-01,US,United States of America,12.0,1.0,0.0,0.0,,,AMRO,,2020-12-13 03:21:59.858
2020-02-02,US,United States of America,12.0,0.0,0.0,0.0,,,AMRO,,2020-12-13 03:21:59.858
2020-02-03,US,United States of America,15.0,3.0,0.0,0.0,,,AMRO,,2020-12-13 03:21:59.858
2020-02-04,US,United States of America,15.0,0.0,0.0,0.0,,,AMRO,,2020-12-13 03:21:59.858
2020-02-05,US,United States of America,15.0,0.0,0.0,0.0,,,AMRO,,2020-12-13 03:21:59.858
2020-02-06,US,United States of America,16.0,1.0,0.0,0.0,,,AMRO,,2020-12-13 03:21:59.858
2020-02-07,US,United States of America,16.0,0.0,0.0,0.0,,,AMRO,,2020-12-13 03:21:59.858
2020-02-08,US,United States of America,16.0,0.0,0.0,0.0,,,AMRO,,2020-12-13 03:21:59.858
2020-02-09,US,United States of America,16.0,0.0,0.0,0.0,,,AMRO,,2020-12-13 03:21:59.858
2020-02-10,US,United States of America,16.0,0.0,0.0,0.0,,,AMRO,,2020-12-13 03:21:59.858
2020-02-11,US,United States of America,17.0,1.0,0.0,0.0,,,AMRO,,2020-12-13 03:21:59.858
2020-02-12,US,United States of America,17.0,0.0,0.0,0.0,,,AMRO,,2020-12-13 03:21:59.858
2020-02-13,US,United States of America,19.0,2.0,0.0,0.0,,,AMRO,,2020-12-13 03:21:59.858
2020-02-14,US,United States of America,19.0,0.0,0.0,0.0,,,AMRO,,2020-12-13 03:21:59.858
2020-02-15,US,United States of America,19.0,0.0,0.0,0.0,,,AMRO,,2020-12-13 03:21:59.858
2020-02-16,US,United States of America,19.0,0.0,0.0,0.0,,,AMRO,,2020-12-13 03:21:59.858
2020-02-17,US,United States of America,19.0,0.0,0.0,0.0,,,AMRO,,2020-12-13 03:21:59.858
2020-02-18,US,United States of America,19.0,0.0,0.0,0.0,,,AMRO,,2020-12-13 03:21:59.858
2020-02-19,US,United States of America,19.0,0.0,0.0,0.0,,,AMRO,,2020-12-13 03:21:59.858
2020-02-20,US,United States of America,19.0,0.0,0.0,0.0,,,AMRO,,2020-12-13 03:21:59.858
2020-02-21,US,United States of America,38.0,19.0,0.0,0.0,,,AMRO,,2020-12-13 03:21:59.858
2020-02-22,US,United States of America,39.0,1.0,0.0,0.0,,,AMRO,,2020-12-13 03:21:59.858
2020-02-23,US,United States of America,39.0,0.0,0.0,0.0,,,AMRO,,2020-12-13 03:21:59.858
2020-02-24,US,United States of America,57.0,18.0,0.0,0.0,,,AMRO,,2020-12-13 03:21:59.858
2020-02-25,US,United States of America,57.0,0.0,0.0,0.0,,,AMRO,,2020-12-13 03:21:59.858
2020-02-26,US,United States of America,63.0,6.0,0.0,0.0,,,AMRO,,2020-12-13 03:21:59.858
2020-02-27,US,United States of America,63.0,0.0,0.0,0.0,,,AMRO,,2020-12-13 03:21:59.858
2020-02-28,US,United States of America,66.0,3.0,0.0,0.0,,,AMRO,,2020-12-13 03:21:59.858
2020-02-29,US,United States of America,66.0,0.0,0.0,0.0,,,AMRO,,2020-12-13 03:21:59.858
2020-03-01,US,United States of America,66.0,0.0,0.0,0.0,,,AMRO,,2020-12-13 03:21:59.858
2020-03-02,US,United States of America,68.0,2.0,0.0,0.0,,,AMRO,,2020-12-13 03:21:59.858
2020-03-03,US,United States of America,112.0,44.0,2.0,2.0,,,AMRO,,2020-12-13 03:21:59.858
2020-03-04,US,United States of America,133.0,21.0,5.0,3.0,,,AMRO,,2020-12-13 03:21:59.858
2020-03-05,US,United States of America,133.0,0.0,9.0,4.0,,,AMRO,,2020-12-13 03:21:59.858
2020-03-06,US,United States of America,217.0,84.0,11.0,2.0,,,AMRO,,2020-12-13 03:21:59.858
2020-03-07,US,United States of America,217.0,0.0,11.0,0.0,,,AMRO,,2020-12-13 03:21:59.858
2020-03-08,US,United States of America,217.0,0.0,11.0,0.0,,,AMRO,,2020-12-13 03:21:59.858
2020-03-09,US,United States of America,476.0,259.0,19.0,8.0,,,AMRO,,2020-12-13 03:21:59.858
2020-03-10,US,United States of America,700.0,224.0,25.0,6.0,,,AMRO,,2020-12-13 03:21:59.858
2020-03-11,US,United States of America,700.0,0.0,25.0,0.0,,,AMRO,,2020-12-13 03:21:59.858
2020-03-12,US,United States of America,991.0,291.0,29.0,4.0,,,AMRO,,2020-12-13 03:21:59.858
2020-03-13,US,United States of America,1268.0,277.0,36.0,7.0,,,AMRO,,2020-12-13 03:21:59.858
2020-03-14,US,United States of America,1682.0,414.0,41.0,5.0,,,AMRO,,2020-12-13 03:21:59.858
2020-03-15,US,United States of America,1718.0,36.0,41.0,0.0,,,AMRO,,2020-12-13 03:21:59.858
2020-03-16,US,United States of America,1718.0,0.0,41.0,0.0,,,AMRO,,2020-12-13 03:21:59.858
2020-03-17,US,United States of America,3540.0,1822.0,58.0,17.0,,,AMRO,,2020-12-13 03:21:59.858
2020-03-18,US,United States of America,7091.0,3551.0,100.0,42.0,,,AMRO,,2020-12-13 03:21:59.858
2020-03-19,US,United States of America,10442.0,3351.0,150.0,50.0,,,AMRO,,2020-12-13 03:21:59.858
2020-03-20,US,United States of America,15219.0,4777.0,201.0,51.0,,,AMRO,,2020-12-13 03:21:59.858
2020-03-21,US,United States of America,15219.0,0.0,201.0,0.0,,,AMRO,,2020-12-13 03:21:59.858
2020-03-22,US,United States of America,15219.0,0.0,201.0,0.0,,,AMRO,,2020-12-13 03:21:59.858
2020-03-23,US,United States of America,31573.0,16354.0,402.0,201.0,,,AMRO,,2020-12-13 03:21:59.858
2020-03-24,US,United States of America,51914.0,20341.0,673.0,271.0,,,AMRO,,2020-12-13 03:21:59.858
2020-03-25,US,United States of America,51914.0,0.0,673.0,0.0,,,AMRO,,2020-12-13 03:21:59.858
2020-03-26,US,United States of America,68334.0,16420.0,991.0,318.0,,,AMRO,,2020-12-13 03:21:59.858
2020-03-27,US,United States of America,68334.0,0.0,991.0,0.0,,,AMRO,,2020-12-13 03:21:59.858
2020-03-28,US,United States of America,85228.0,16894.0,1243.0,252.0,,,AMRO,,2020-12-13 03:21:59.858
2020-03-29,US,United States of America,103321.0,18093.0,1668.0,425.0,,,AMRO,,2020-12-13 03:21:59.858
2020-03-30,US,United States of America,122653.0,19332.0,2112.0,444.0,,,AMRO,,2020-12-13 03:21:59.858
2020-03-31,US,United States of America,140640.0,17987.0,2398.0,286.0,,,AMRO,,2020-12-13 03:21:59.858
2020-04-01,US,United States of America,163199.0,22559.0,2850.0,452.0,,,AMRO,,2020-12-13 03:21:59.858
2020-04-02,US,United States of America,187302.0,24103.0,3846.0,996.0,,,AMRO,,2020-12-13 03:21:59.858
2020-04-03,US,United States of America,213600.0,26298.0,4793.0,947.0,,,AMRO,,2020-12-13 03:21:59.858
2020-04-04,US,United States of America,241703.0,28103.0,5854.0,1061.0,,,AMRO,,2020-12-13 03:21:59.858
2020-04-05,US,United States of America,273808.0,32105.0,7020.0,1166.0,,,AMRO,,2020-12-13 03:21:59.858
2020-04-06,US,United States of America,307318.0,33510.0,8358.0,1338.0,,,AMRO,,2020-12-13 03:21:59.858
2020-04-07,US,United States of America,333811.0,26493.0,9559.0,1201.0,,,AMRO,,2020-12-13 03:21:59.858
2020-04-08,US,United States of America,363321.0,29510.0,10845.0,1286.0,,,AMRO,,2020-12-13 03:21:59.858
2020-04-09,US,United States of America,395030.0,31709.0,12740.0,1895.0,,,AMRO,,2020-12-13 03:21:59.858
2020-04-10,US,United States of America,425889.0,30859.0,14665.0,1925.0,,,AMRO,,2020-12-13 03:21:59.858
2020-04-11,US,United States of America,461275.0,35386.0,16596.0,1931.0,,,AMRO,,2020-12-13 03:21:59.858
2020-04-12,US,United States of America,492881.0,31606.0,18516.0,1920.0,,,AMRO,,2020-12-13 03:21:59.858
2020-04-13,US,United States of America,524514.0,31633.0,20444.0,1928.0,,,AMRO,,2020-12-13 03:21:59.858
2020-04-14,US,United States of America,553822.0,29308.0,21972.0,1528.0,,,AMRO,,2020-12-13 03:21:59.858
2020-04-15,US,United States of America,578268.0,24446.0,23476.0,1504.0,,,AMRO,,2020-12-13 03:21:59.858
2020-04-16,US,United States of America,604070.0,25802.0,25871.0,2395.0,,,AMRO,,2020-12-13 03:21:59.858
2020-04-17,US,United States of America,632781.0,28711.0,32280.0,6409.0,,,AMRO,,2020-12-13 03:21:59.858
2020-04-18,US,United States of America,665330.0,32549.0,34298.0,2018.0,,,AMRO,,2020-12-13 03:21:59.858
2020-04-19,US,United States of America,695353.0,30023.0,36736.0,2438.0,,,AMRO,,2020-12-13 03:21:59.858
2020-04-20,US,United States of America,723605.0,28252.0,38512.0,1776.0,,,AMRO,,2020-12-13 03:21:59.858
2020-04-21,US,United States of America,751273.0,27668.0,40313.0,1801.0,,,AMRO,,2020-12-13 03:21:59.858
2020-04-22,US,United States of America,776907.0,25634.0,42467.0,2154.0,,,AMRO,,2020-12-13 03:21:59.858
2020-04-23,US,United States of America,800926.0,24019.0,45042.0,2575.0,,,AMRO,,2020-12-13 03:21:59.858
2020-04-24,US,United States of America,830053.0,29127.0,47432.0,2390.0,,,AMRO,,2020-12-13 03:21:59.858
2020-04-25,US,United States of America,860772.0,30719.0,49174.0,1742.0,,,AMRO,,2020-12-13 03:21:59.858
2020-04-26,US,United States of America,899281.0,38509.0,51325.0,2151.0,,,AMRO,,2020-12-13 03:21:59.858
2020-04-27,US,United States of America,931698.0,32417.0,53289.0,1964.0,,,AMRO,,2020-12-13 03:21:59.858
2020-04-28,US,United States of America,960916.0,29218.0,54398.0,1109.0,,,AMRO,,2020-12-13 03:21:59.858
2020-04-29,US,United States of America,983457.0,22541.0,55720.0,1322.0,,,AMRO,,2020-12-13 03:21:59.858
2020-04-30,US,United States of America,1003974.0,20517.0,57730.0,2010.0,,,AMRO,,2020-12-13 03:21:59.858
2020-05-01,US,United States of America,1035353.0,31379.0,60632.0,2902.0,,,AMRO,,2020-12-13 03:21:59.858
2020-05-02,US,United States of America,1067127.0,31774.0,62637.0,2005.0,,,AMRO,,2020-12-13 03:21:59.858
2020-05-03,US,United States of America,1093880.0,26753.0,67637.0,5000.0,,,AMRO,,2020-12-13 03:21:59.858
2020-05-04,US,United States of America,1125719.0,31839.0,67793.0,156.0,,,AMRO,,2020-12-13 03:21:59.858
2020-05-05,US,United States of America,1154985.0,29266.0,67279.0,-514.0,,,AMRO,,2020-12-13 03:21:59.858
2020-05-06,US,United States of America,1171185.0,16200.0,68081.0,802.0,,,AMRO,,2020-12-13 03:21:59.858
2020-05-07,US,United States of America,1193452.0,22267.0,70556.0,2475.0,,,AMRO,,2020-12-13 03:21:59.858
2020-05-08,US,United States of America,1215571.0,22119.0,72524.0,1968.0,,,AMRO,,2020-12-13 03:21:59.858
2020-05-09,US,United States of America,1245775.0,30204.0,75364.0,2840.0,,,AMRO,,2020-12-13 03:21:59.858
2020-05-10,US,United States of America,1271645.0,25870.0,76916.0,1552.0,,,AMRO,,2020-12-13 03:21:59.858
2020-05-11,US,United States of America,1298287.0,26642.0,78652.0,1736.0,,,AMRO,,2020-12-13 03:21:59.858
2020-05-12,US,United States of America,1322054.0,23767.0,79634.0,982.0,,,AMRO,,2020-12-13 03:21:59.858
2020-05-13,US,United States of America,1340098.0,18044.0,80695.0,1061.0,,,AMRO,,2020-12-13 03:21:59.858
2020-05-14,US,United States of America,1361522.0,21424.0,82119.0,1424.0,,,AMRO,,2020-12-13 03:21:59.858
2020-05-15,US,United States of America,1382362.0,20840.0,83819.0,1700.0,,,AMRO,,2020-12-13 03:21:59.858
2020-05-16,US,United States of America,1409452.0,27090.0,85860.0,2041.0,,,AMRO,,2020-12-13 03:21:59.858
2020-05-17,US,United States of America,1432265.0,22813.0,87180.0,1320.0,,,AMRO,,2020-12-13 03:21:59.858
2020-05-18,US,United States of America,1464232.0,31967.0,88574.0,1394.0,,,AMRO,,2020-12-13 03:21:59.858
2020-05-19,US,United States of America,1477459.0,13227.0,89271.0,697.0,,,AMRO,,2020-12-13 03:21:59.858
2020-05-20,US,United States of America,1501876.0,24417.0,90203.0,932.0,,,AMRO,,2020-12-13 03:21:59.858
2020-05-21,US,United States of America,1525186.0,23310.0,91527.0,1324.0,,,AMRO,,2020-12-13 03:21:59.858
2020-05-22,US,United States of America,1547973.0,22787.0,92923.0,1396.0,,,AMRO,,2020-12-13 03:21:59.858
2020-05-23,US,United States of America,1568448.0,20475.0,94011.0,1088.0,,,AMRO,,2020-12-13 03:21:59.858
2020-05-24,US,United States of America,1592599.0,24151.0,95863.0,1852.0,,,AMRO,,2020-12-13 03:21:59.858
2020-05-25,US,United States of America,1618757.0,26158.0,96909.0,1046.0,,,AMRO,,2020-12-13 03:21:59.858
2020-05-26,US,United States of America,1634010.0,15253.0,97529.0,620.0,,,AMRO,,2020-12-13 03:21:59.858
2020-05-27,US,United States of America,1658896.0,24886.0,98119.0,590.0,,,AMRO,,2020-12-13 03:21:59.858
2020-05-28,US,United States of America,1675258.0,16362.0,98889.0,770.0,,,AMRO,,2020-12-13 03:21:59.858
2020-05-29,US,United States of America,1694864.0,19606.0,100304.0,1415.0,,,AMRO,,2020-12-13 03:21:59.858
2020-05-30,US,United States of America,1716078.0,21214.0,101567.0,1263.0,,,AMRO,,2020-12-13 03:21:59.858
2020-05-31,US,United States of America,1734040.0,17962.0,102640.0,1073.0,,,AMRO,,2020-12-13 03:21:59.858
2020-06-01,US,United States of America,1757522.0,23482.0,103554.0,914.0,,,AMRO,,2020-12-13 03:21:59.858
2020-06-02,US,United States of America,1783638.0,26116.0,104247.0,693.0,,,AMRO,,2020-12-13 03:21:59.858
2020-06-03,US,United States of America,1798330.0,14692.0,105008.0,761.0,,,AMRO,,2020-12-13 03:21:59.858
2020-06-04,US,United States of America,1823220.0,24890.0,106051.0,1043.0,,,AMRO,,2020-12-13 03:21:59.858
2020-06-05,US,United States of America,1837803.0,14583.0,106876.0,825.0,,,AMRO,,2020-12-13 03:21:59.858
2020-06-06,US,United States of America,1857872.0,20069.0,107911.0,1035.0,,,AMRO,,2020-12-13 03:21:59.858
2020-06-07,US,United States of America,1886794.0,28922.0,109038.0,1127.0,,,AMRO,,2020-12-13 03:21:59.858
2020-06-08,US,United States of America,1915712.0,28918.0,109746.0,708.0,,,AMRO,,2020-12-13 03:21:59.858
2020-06-09,US,United States of America,1933560.0,17848.0,110220.0,474.0,,,AMRO,,2020-12-13 03:21:59.858
2020-06-10,US,United States of America,1951096.0,17536.0,110770.0,550.0,,,AMRO,,2020-12-13 03:21:59.858
2020-06-11,US,United States of America,1968331.0,17235.0,111978.0,1208.0,,,AMRO,,2020-12-13 03:21:59.858
2020-06-12,US,United States of America,1988646.0,20315.0,112810.0,832.0,,,AMRO,,2020-12-13 03:21:59.858
2020-06-13,US,United States of America,2010391.0,21745.0,113757.0,947.0,,,AMRO,,2020-12-13 03:21:59.858
2020-06-14,US,United States of America,2032524.0,22133.0,114466.0,709.0,,,AMRO,,2020-12-13 03:21:59.858
2020-06-15,US,United States of America,2057838.0,25314.0,115112.0,646.0,,,AMRO,,2020-12-13 03:21:59.858
2020-06-16,US,United States of America,2079592.0,21754.0,115484.0,372.0,,,AMRO,,2020-12-13 03:21:59.858
2020-06-17,US,United States of America,2098106.0,18514.0,115980.0,496.0,,,AMRO,,2020-12-13 03:21:59.858
2020-06-18,US,United States of America,2126027.0,27921.0,116702.0,722.0,,,AMRO,,2020-12-13 03:21:59.858
2020-06-19,US,United States of America,2149166.0,23139.0,117472.0,770.0,,,AMRO,,2020-12-13 03:21:59.858
2020-06-20,US,United States of America,2172212.0,23046.0,118205.0,733.0,,,AMRO,,2020-12-13 03:21:59.858
2020-06-21,US,United States of America,2208829.0,36617.0,118895.0,690.0,,,AMRO,,2020-12-13 03:21:59.858
2020-06-22,US,United States of America,2241178.0,32349.0,119453.0,558.0,,,AMRO,,2020-12-13 03:21:59.858
2020-06-23,US,United States of America,2268753.0,27575.0,119761.0,308.0,,,AMRO,,2020-12-13 03:21:59.858
2020-06-24,US,United States of America,2295272.0,26519.0,120171.0,410.0,,,AMRO,,2020-12-13 03:21:59.858
2020-06-25,US,United States of America,2329463.0,34191.0,120955.0,784.0,,,AMRO,,2020-12-13 03:21:59.858
2020-06-26,US,United States of America,2367064.0,37601.0,121645.0,690.0,,,AMRO,,2020-12-13 03:21:59.858
2020-06-27,US,United States of America,2407590.0,40526.0,124161.0,2516.0,,,AMRO,,2020-12-13 03:21:59.858
2020-06-28,US,United States of America,2452048.0,44458.0,124811.0,650.0,,,AMRO,,2020-12-13 03:21:59.858
2020-06-29,US,United States of America,2496628.0,44580.0,125318.0,507.0,,,AMRO,,2020-12-13 03:21:59.858
2020-06-30,US,United States of America,2537636.0,41008.0,126203.0,885.0,,,AMRO,,2020-12-13 03:21:59.858
2020-07-01,US,United States of America,2573393.0,35757.0,126573.0,370.0,,,AMRO,,2020-12-13 03:21:59.858
2020-07-02,US,United States of America,2616949.0,43556.0,127133.0,560.0,,,AMRO,,2020-12-13 03:21:59.858
2020-07-03,US,United States of America,2671220.0,54271.0,127858.0,725.0,,,AMRO,,2020-12-13 03:21:59.858
2020-07-04,US,United States of America,2724433.0,53213.0,128481.0,623.0,,,AMRO,,2020-12-13 03:21:59.858
2020-07-05,US,United States of America,2776366.0,51933.0,129226.0,745.0,,,AMRO,,2020-12-13 03:21:59.858
2020-07-06,US,United States of America,2833552.0,57186.0,129408.0,182.0,,,AMRO,,2020-12-13 03:21:59.858
2020-07-07,US,United States of America,2877238.0,43686.0,129643.0,235.0,,,AMRO,,2020-12-13 03:21:59.858
2020-07-08,US,United States of America,2923432.0,46194.0,129963.0,320.0,,,AMRO,,2020-12-13 03:21:59.858
2020-07-09,US,United States of America,2973695.0,50263.0,130893.0,930.0,,,AMRO,,2020-12-13 03:21:59.858
2020-07-10,US,United States of America,3038325.0,64630.0,131884.0,991.0,,,AMRO,,2020-12-13 03:21:59.858
2020-07-11,US,United States of America,3097300.0,58975.0,132683.0,799.0,,,AMRO,,2020-12-13 03:21:59.858
2020-07-12,US,United States of America,3163581.0,66281.0,133486.0,803.0,,,AMRO,,2020-12-13 03:21:59.858
2020-07-13,US,United States of America,3225950.0,62369.0,134392.0,906.0,,,AMRO,,2020-12-13 03:21:59.858
2020-07-14,US,United States of America,3286063.0,60113.0,134704.0,312.0,,,AMRO,,2020-12-13 03:21:59.858
2020-07-15,US,United States of America,3344783.0,58720.0,135053.0,349.0,,,AMRO,,2020-12-13 03:21:59.858
2020-07-16,US,United States of America,3405494.0,60711.0,135807.0,754.0,,,AMRO,,2020-12-13 03:21:59.858
2020-07-17,US,United States of America,3472659.0,67165.0,136753.0,946.0,,,AMRO,,2020-12-13 03:21:59.858
2020-07-18,US,United States of America,3544143.0,71484.0,137674.0,921.0,,,AMRO,,2020-12-13 03:21:59.858
2020-07-19,US,United States of America,3618497.0,74354.0,138591.0,917.0,,,AMRO,,2020-12-13 03:21:59.858
2020-07-20,US,United States of America,3685460.0,66963.0,139468.0,877.0,,,AMRO,,2020-12-13 03:21:59.858
2020-07-21,US,United States of America,3748248.0,62788.0,139964.0,496.0,,,AMRO,,2020-12-13 03:21:59.858
2020-07-22,US,United States of America,3805524.0,57276.0,140437.0,473.0,,,AMRO,,2020-12-13 03:21:59.858
2020-07-23,US,United States of America,3868453.0,62929.0,141479.0,1042.0,,,AMRO,,2020-12-13 03:21:59.858
2020-07-24,US,United States of America,3938094.0,69641.0,142553.0,1074.0,,,AMRO,,2020-12-13 03:21:59.858
2020-07-25,US,United States of America,4009808.0,71714.0,143663.0,1110.0,,,AMRO,,2020-12-13 03:21:59.858
2020-07-26,US,United States of America,4084043.0,74235.0,144798.0,1135.0,,,AMRO,,2020-12-13 03:21:59.858
2020-07-27,US,United States of America,4148011.0,63968.0,145727.0,929.0,,,AMRO,,2020-12-13 03:21:59.858
2020-07-28,US,United States of America,4209509.0,61498.0,146331.0,604.0,,,AMRO,,2020-12-13 03:21:59.858
2020-07-29,US,United States of America,4263531.0,54022.0,147449.0,1118.0,,,AMRO,,2020-12-13 03:21:59.858
2020-07-30,US,United States of America,4323160.0,59629.0,148640.0,1191.0,,,AMRO,,2020-12-13 03:21:59.858
2020-07-31,US,United States of America,4388566.0,65406.0,150054.0,1414.0,,,AMRO,,2020-12-13 03:21:59.858
2020-08-01,US,United States of America,4456389.0,67823.0,151265.0,1211.0,,,AMRO,,2020-12-13 03:21:59.858
2020-08-02,US,United States of America,4523888.0,67499.0,152630.0,1365.0,,,AMRO,,2020-12-13 03:21:59.858
2020-08-03,US,United States of America,4582276.0,58388.0,153757.0,1127.0,,,AMRO,,2020-12-13 03:21:59.858
2020-08-04,US,United States of America,4629459.0,47183.0,154226.0,469.0,,,AMRO,,2020-12-13 03:21:59.858
2020-08-05,US,United States of America,4678610.0,49151.0,154952.0,726.0,,,AMRO,,2020-12-13 03:21:59.858
2020-08-06,US,United States of America,4728239.0,49629.0,156050.0,1098.0,,,AMRO,,2020-12-13 03:21:59.858
2020-08-07,US,United States of America,4781612.0,53373.0,157357.0,1307.0,,,AMRO,,2020-12-13 03:21:59.858
2020-08-08,US,United States of America,4836930.0,55318.0,158606.0,1249.0,,,AMRO,,2020-12-13 03:21:59.858
2020-08-09,US,United States of America,4897958.0,61028.0,159930.0,1324.0,,,AMRO,,2020-12-13 03:21:59.858
2020-08-10,US,United States of America,4951851.0,53893.0,160989.0,1059.0,,,AMRO,,2020-12-13 03:21:59.858
2020-08-11,US,United States of America,4999815.0,47964.0,161547.0,558.0,,,AMRO,,2020-12-13 03:21:59.858
2020-08-12,US,United States of America,5039709.0,39894.0,162104.0,557.0,,,AMRO,,2020-12-13 03:21:59.858
2020-08-13,US,United States of America,5094500.0,54791.0,163340.0,1236.0,,,AMRO,,2020-12-13 03:21:59.858
2020-08-14,US,United States of America,5150407.0,55907.0,164826.0,1486.0,,,AMRO,,2020-12-13 03:21:59.858
2020-08-15,US,United States of America,5203206.0,52799.0,165995.0,1169.0,,,AMRO,,2020-12-13 03:21:59.858
2020-08-16,US,United States of America,5258565.0,55359.0,167201.0,1206.0,,,AMRO,,2020-12-13 03:21:59.858
2020-08-17,US,United States of America,5312940.0,54375.0,168345.0,1144.0,,,AMRO,,2020-12-13 03:21:59.858
2020-08-18,US,United States of America,5354013.0,41073.0,168999.0,654.0,,,AMRO,,2020-12-13 03:21:59.858
2020-08-19,US,United States of America,5393138.0,39125.0,169508.0,509.0,,,AMRO,,2020-12-13 03:21:59.858
2020-08-20,US,United States of America,5431046.0,37908.0,170640.0,1132.0,,,AMRO,,2020-12-13 03:21:59.858
2020-08-21,US,United States of America,5477305.0,46259.0,172033.0,1393.0,,,AMRO,,2020-12-13 03:21:59.858
2020-08-22,US,United States of America,5521257.0,43952.0,173098.0,1065.0,,,AMRO,,2020-12-13 03:21:59.858
2020-08-23,US,United States of America,5567217.0,45960.0,174246.0,1148.0,,,AMRO,,2020-12-13 03:21:59.858
2020-08-24,US,United States of America,5612163.0,44946.0,175243.0,997.0,,,AMRO,,2020-12-13 03:21:59.858
2020-08-25,US,United States of America,5649928.0,37765.0,175813.0,570.0,,,AMRO,,2020-12-13 03:21:59.858
2020-08-26,US,United States of America,5682811.0,32883.0,176201.0,388.0,,,AMRO,,2020-12-13 03:21:59.858
2020-08-27,US,United States of America,5719841.0,37030.0,177332.0,1131.0,,,AMRO,,2020-12-13 03:21:59.858
2020-08-28,US,United States of America,5765325.0,45484.0,178561.0,1229.0,,,AMRO,,2020-12-13 03:21:59.858
2020-08-29,US,United States of America,5811519.0,46194.0,179716.0,1155.0,,,AMRO,,2020-12-13 03:21:59.858
2020-08-30,US,United States of America,5855521.0,44002.0,180689.0,973.0,,,AMRO,,2020-12-13 03:21:59.858
2020-08-31,US,United States of America,5899504.0,43983.0,181689.0,1000.0,,,AMRO,,2020-12-13 03:21:59.858
2020-09-01,US,United States of America,5936572.0,37068.0,182162.0,473.0,,,AMRO,,2020-12-13 03:21:59.858
2020-09-02,US,United States of America,5968380.0,31808.0,182585.0,423.0,,,AMRO,,2020-12-13 03:21:59.858
2020-09-03,US,United States of America,6011042.0,42662.0,183610.0,1025.0,,,AMRO,,2020-12-13 03:21:59.858
2020-09-04,US,United States of America,6050444.0,39402.0,184614.0,1004.0,,,AMRO,,2020-12-13 03:21:59.858
2020-09-05,US,United States of America,6095007.0,44563.0,185687.0,1073.0,,,AMRO,,2020-12-13 03:21:59.858
2020-09-06,US,United States of America,6144138.0,49131.0,186663.0,976.0,,,AMRO,,2020-12-13 03:21:59.858
2020-09-07,US,United States of America,6189488.0,45350.0,187541.0,878.0,,,AMRO,,2020-12-13 03:21:59.858
2020-09-08,US,United States of America,6222974.0,33486.0,188003.0,462.0,,,AMRO,,2020-12-13 03:21:59.858
2020-09-09,US,United States of America,6248989.0,26015.0,188172.0,169.0,,,AMRO,,2020-12-13 03:21:59.858
2020-09-10,US,United States of America,6272193.0,23204.0,188608.0,436.0,,,AMRO,,2020-12-13 03:21:59.858
2020-09-11,US,United States of America,6304181.0,31988.0,189709.0,1101.0,,,AMRO,,2020-12-13 03:21:59.858
2020-09-12,US,United States of America,6341309.0,37128.0,190787.0,1078.0,,,AMRO,,2020-12-13 03:21:59.858
2020-09-13,US,United States of America,6386832.0,45523.0,191809.0,1022.0,,,AMRO,,2020-12-13 03:21:59.858
2020-09-14,US,United States of America,6426958.0,40126.0,192612.0,803.0,,,AMRO,,2020-12-13 03:21:59.858
2020-09-15,US,United States of America,6462135.0,35177.0,193119.0,507.0,,,AMRO,,2020-12-13 03:21:59.858
2020-09-16,US,United States of America,6496246.0,34111.0,193494.0,375.0,,,AMRO,,2020-12-13 03:21:59.858
2020-09-17,US,United States of America,6530324.0,34078.0,194434.0,940.0,,,AMRO,,2020-12-13 03:21:59.858
2020-09-18,US,United States of America,6571119.0,40795.0,195638.0,1204.0,,,AMRO,,2020-12-13 03:21:59.858
2020-09-19,US,United States of America,6613737.0,42618.0,196465.0,827.0,,,AMRO,,2020-12-13 03:21:59.858
2020-09-20,US,United States of America,6662003.0,48266.0,197442.0,977.0,,,AMRO,,2020-12-13 03:21:59.858
2020-09-21,US,United States of America,6703698.0,41695.0,198094.0,652.0,,,AMRO,,2020-12-13 03:21:59.858
2020-09-22,US,United States of America,6740464.0,36766.0,198363.0,269.0,,,AMRO,,2020-12-13 03:21:59.858
2020-09-23,US,United States of America,6779609.0,39145.0,198793.0,430.0,,,AMRO,,2020-12-13 03:21:59.858
2020-09-24,US,United States of America,6828785.0,49176.0,199600.0,807.0,,,AMRO,,2020-12-13 03:21:59.858
2020-09-25,US,United States of America,6868828.0,40043.0,200725.0,1125.0,,,AMRO,,2020-12-13 03:21:59.858
2020-09-26,US,United States of America,6910082.0,41254.0,201634.0,909.0,,,AMRO,,2020-12-13 03:21:59.858
2020-09-27,US,United States of America,6960152.0,50070.0,202478.0,844.0,,,AMRO,,2020-12-13 03:21:59.858
2020-09-28,US,United States of America,7009110.0,48958.0,203329.0,851.0,,,AMRO,,2020-12-13 03:21:59.858
2020-09-29,US,United States of America,7044327.0,35217.0,203620.0,291.0,,,AMRO,,2020-12-13 03:21:59.858
2020-09-30,US,United States of America,7077015.0,32688.0,203875.0,255.0,,,AMRO,,2020-12-13 03:21:59.858
2020-10-01,US,United States of America,7115491.0,38476.0,204642.0,767.0,,,AMRO,,2020-12-13 03:21:59.858
2020-10-02,US,United States of America,7160476.0,44985.0,205666.0,1024.0,,,AMRO,,2020-12-13 03:21:59.858
2020-10-03,US,United States of America,7206769.0,46293.0,206558.0,892.0,,,AMRO,,2020-12-13 03:21:59.858
2020-10-04,US,United States of America,7256234.0,49465.0,207366.0,808.0,,,AMRO,,2020-12-13 03:21:59.858
2020-10-05,US,United States of America,7305270.0,49036.0,208064.0,698.0,,,AMRO,,2020-12-13 03:21:59.858
2020-10-06,US,United States of America,7341406.0,36136.0,208433.0,369.0,,,AMRO,,2020-12-13 03:21:59.858
2020-10-07,US,United States of America,7380326.0,38920.0,208787.0,354.0,,,AMRO,,2020-12-13 03:21:59.858
2020-10-08,US,United States of America,7419230.0,38904.0,209450.0,663.0,,,AMRO,,2020-12-13 03:21:59.858
2020-10-09,US,United States of America,7471688.0,52458.0,210338.0,888.0,,,AMRO,,2020-12-13 03:21:59.858
2020-10-10,US,United States of America,7525920.0,54232.0,211311.0,973.0,,,AMRO,,2020-12-13 03:21:59.858
2020-10-11,US,United States of America,7583748.0,57828.0,212229.0,918.0,,,AMRO,,2020-12-13 03:21:59.858
2020-10-12,US,United States of America,7636803.0,53055.0,212804.0,575.0,,,AMRO,,2020-12-13 03:21:59.858
2020-10-13,US,United States of America,7682128.0,45325.0,213291.0,487.0,,,AMRO,,2020-12-13 03:21:59.858
2020-10-14,US,United States of America,7728436.0,46308.0,213626.0,335.0,,,AMRO,,2020-12-13 03:21:59.858
2020-10-15,US,United States of America,7774745.0,46309.0,214369.0,743.0,,,AMRO,,2020-12-13 03:21:59.858
2020-10-16,US,United States of America,7833851.0,59106.0,215199.0,830.0,,,AMRO,,2020-12-13 03:21:59.858
2020-10-17,US,United States of America,7896895.0,63044.0,216073.0,874.0,,,AMRO,,2020-12-13 03:21:59.858
2020-10-18,US,United States of America,7966729.0,69834.0,217071.0,998.0,,,AMRO,,2020-12-13 03:21:59.858
2020-10-19,US,United States of America,8019237.0,52508.0,217659.0,588.0,,,AMRO,,2020-12-13 03:21:59.858
2020-10-20,US,United States of America,8065615.0,46378.0,218131.0,472.0,,,AMRO,,2020-12-13 03:21:59.858
2020-10-21,US,United States of America,8124633.0,59018.0,218641.0,510.0,,,AMRO,,2020-12-13 03:21:59.858
2020-10-22,US,United States of America,8184788.0,60155.0,219497.0,856.0,,,AMRO,,2020-12-13 03:21:59.858
2020-10-23,US,United States of America,8248149.0,63361.0,220563.0,1066.0,,,AMRO,,2020-12-13 03:21:59.858
2020-10-24,US,United States of America,8320491.0,72342.0,221564.0,1001.0,,,AMRO,,2020-12-13 03:21:59.858
2020-10-25,US,United States of America,8403121.0,82630.0,222507.0,943.0,,,AMRO,,2020-12-13 03:21:59.858
2020-10-26,US,United States of America,8485747.0,82626.0,223328.0,821.0,,,AMRO,,2020-12-13 03:21:59.858
2020-10-27,US,United States of America,8548111.0,62364.0,223699.0,371.0,,,AMRO,,2020-12-13 03:21:59.858
2020-10-28,US,United States of America,8611256.0,63145.0,224178.0,479.0,,,AMRO,,2020-12-13 03:21:59.858
2020-10-29,US,United States of America,8683298.0,72042.0,225073.0,895.0,,,AMRO,,2020-12-13 03:21:59.858
2020-10-30,US,United States of America,8763682.0,80384.0,226132.0,1059.0,,,AMRO,,2020-12-13 03:21:59.858
2020-10-31,US,United States of America,8852730.0,89048.0,227178.0,1046.0,,,AMRO,,2020-12-13 03:21:59.858
2020-11-01,US,United States of America,8952086.0,99356.0,228185.0,1007.0,,,AMRO,,2020-12-13 03:21:59.858
2020-11-02,US,United States of America,9032465.0,80379.0,228998.0,813.0,,,AMRO,,2020-12-13 03:21:59.858
2020-11-03,US,United States of America,9108353.0,75888.0,229442.0,444.0,,,AMRO,,2020-12-13 03:21:59.858
2020-11-04,US,United States of America,9193765.0,85412.0,229948.0,506.0,,,AMRO,,2020-12-13 03:21:59.858
2020-11-05,US,United States of America,9281928.0,88163.0,231034.0,1086.0,,,AMRO,,2020-12-13 03:21:59.858
2020-11-06,US,United States of America,9387978.0,106050.0,232166.0,1132.0,,,AMRO,,2020-12-13 03:21:59.858
2020-11-07,US,United States of America,9504758.0,116780.0,233292.0,1126.0,,,AMRO,,2020-12-13 03:21:59.858
2020-11-08,US,United States of America,9636579.0,131821.0,234500.0,1208.0,,,AMRO,,2020-12-13 03:21:59.858
2020-11-09,US,United States of America,9763730.0,127151.0,235562.0,1062.0,,,AMRO,,2020-12-13 03:21:59.858
2020-11-10,US,United States of America,9868389.0,104659.0,236042.0,480.0,,,AMRO,,2020-12-13 03:21:59.858
2020-11-11,US,United States of America,9990620.0,122231.0,236727.0,685.0,,,AMRO,,2020-12-13 03:21:59.858
2020-11-12,US,United States of America,10124555.0,133935.0,238573.0,1846.0,,,AMRO,,2020-12-13 03:21:59.858
2020-11-13,US,United States of America,10266631.0,142076.0,240044.0,1471.0,,,AMRO,,2020-12-13 03:21:59.858
2020-11-14,US,United States of America,10460365.0,193734.0,241186.0,1142.0,,,AMRO,,2020-12-13 03:21:59.858
2020-11-15,US,United States of America,10641431.0,181066.0,242542.0,1356.0,,,AMRO,,2020-12-13 03:21:59.858
2020-11-16,US,United States of America,10796432.0,155001.0,243758.0,1216.0,,,AMRO,,2020-12-13 03:21:59.858
2020-11-17,US,United States of America,10933918.0,137486.0,244411.0,653.0,,,AMRO,,2020-12-13 03:21:59.858
2020-11-18,US,United States of America,11085184.0,151266.0,245164.0,753.0,,,AMRO,,2020-12-13 03:21:59.858
2020-11-19,US,United States of America,11249228.0,164044.0,246746.0,1582.0,,,AMRO,,2020-12-13 03:21:59.858
2020-11-20,US,United States of America,11413788.0,164560.0,248571.0,1825.0,,,AMRO,,2020-12-13 03:21:59.858
2020-11-21,US,United States of America,11597979.0,184191.0,250607.0,2036.0,,,AMRO,,2020-12-13 03:21:59.858
2020-11-22,US,United States of America,11789012.0,191033.0,252460.0,1853.0,,,AMRO,,2020-12-13 03:21:59.858
2020-11-23,US,United States of America,11972556.0,183544.0,253931.0,1471.0,,,AMRO,,2020-12-13 03:21:59.858
2020-11-24,US,United States of America,12119654.0,147098.0,254798.0,867.0,,,AMRO,,2020-12-13 03:21:59.858
2020-11-25,US,United States of America,12276834.0,157180.0,255850.0,1052.0,,,AMRO,,2020-12-13 03:21:59.858
2020-11-26,US,United States of America,12441925.0,165091.0,257825.0,1975.0,,,AMRO,,2020-12-13 03:21:59.858
2020-11-27,US,United States of America,12622775.0,180850.0,260073.0,2248.0,,,AMRO,,2020-12-13 03:21:59.858
2020-11-28,US,United States of America,12763997.0,141222.0,261460.0,1387.0,,,AMRO,,2020-12-13 03:21:59.858
2020-11-29,US,United States of America,12939666.0,175669.0,262736.0,1276.0,,,AMRO,,2020-12-13 03:21:59.858
2020-11-30,US,United States of America,13082877.0,143211.0,263946.0,1210.0,,,AMRO,,2020-12-13 03:21:59.858
2020-12-01,US,United States of America,13234551.0,151674.0,264808.0,862.0,,,AMRO,,2020-12-13 03:21:59.858
2020-12-02,US,United States of America,13385755.0,151204.0,266043.0,1235.0,,,AMRO,,2020-12-13 03:21:59.858
2020-12-03,US,United States of America,13563731.0,177976.0,268482.0,2439.0,,,AMRO,,2020-12-13 03:21:59.858
2020-12-04,US,United States of America,13759500.0,195769.0,271233.0,2751.0,,,AMRO,,2020-12-13 03:21:59.858
2020-12-05,US,United States of America,13978171.0,218671.0,274077.0,2844.0,,,AMRO,,2020-12-13 03:21:59.858
2020-12-06,US,United States of America,14191298.0,213127.0,276503.0,2426.0,,,AMRO,,2020-12-13 03:21:59.858
2020-12-07,US,United States of America,14397135.0,205837.0,278806.0,2303.0,,,AMRO,,2020-12-13 03:21:59.858
2020-12-08,US,United States of America,14570523.0,173388.0,279913.0,1107.0,,,AMRO,,2020-12-13 03:21:59.858
2020-12-09,US,United States of America,14755996.0,185473.0,281442.0,1529.0,,,AMRO,,2020-12-13 03:21:59.858
2020-12-10,US,United States of America,14972356.0,216360.0,283994.0,2552.0,,,AMRO,,2020-12-13 03:21:59.858
2020-12-11,US,United States of America,15203208.0,230852.0,287384.0,3390.0,,,AMRO,,2020-12-13 03:21:59.858
2020-12-12,US,United States of America,15404889.0,201681.0,290133.0,2749.0,,,AMRO,,2020-12-13 03:21:59.858
